{
  "timestamp": "20251108_204819",
  "fitted_params": {
    "E0": {
      "value": 0.8795736887527007,
      "error": 9.723646893008766e-05
    },
    "A0": {
      "value": 0.02400740308204435,
      "error": 1.801185365174198e-05
    }
  },
  "fit_range": {
    "t_min": 5,
    "t_max": 30
  },
  "chi2_dof": 8267.568715178735
}