{
  "timestamp": "20251108_204819",
  "model_type": "gbr",
  "config": {
    "data": {
      "raw_path": "data/raw",
      "processed_path": "data/processed"
    },
    "fit_options": {
      "seed": 42,
      "validation_split": 0.2,
      "test_split": 0.1
    },
    "experiment": {
      "name": "gbr_experiment"
    },
    "model": {
      "type": "gbr",
      "n_estimators": 100,
      "learning_rate": 0.1,
      "max_depth": 6,
      "subsample": 0.8
    }
  },
  "training_history": {
    "train_mse": 1.2261791622219157e-06,
    "train_mae": 0.0006320071147016642,
    "val_mse": 2.150749878143372e-06,
    "val_mae": 0.0008899570790763499,
    "train_samples": 1119,
    "val_samples": 161,
    "feature_importance": {
      "e0_importance": [
        0.0,
        0.03719548259763164,
        0.032647675222187846,
        0.031313103797167854,
        0.027130067648092115,
        0.03929006710919568,
        0.03613401125230781,
        0.050039857778924564,
        0.03124468103066589,
        0.033329105362769784,
        0.02758678108032084,
        0.030282863646458727,
        0.01771755317222843,
        0.02556739985774895,
        0.04466889050529306,
        0.02738520806244304,
        0.02881724473880371,
        0.042439860784052603,
        0.03425458814678666,
        0.025457384235114382,
        0.024508595636507292,
        0.03149361049320431,
        0.02929895465599015,
        0.022492884091883412,
        0.04604319025973003,
        0.037920585654862574,
        0.0284894608461497,
        0.03452911087219115,
        0.03278455515592993,
        0.03736308472150728,
        0.05257414158385043
      ],
      "a0_importance": [
        0.0,
        0.04553911539197309,
        0.039825784264868415,
        0.03636140663510896,
        0.02553934849625182,
        0.021333027108555672,
        0.031427987849290004,
        0.04883686748212333,
        0.024761174107978335,
        0.03047902514680336,
        0.022202246218020066,
        0.025209857822420353,
        0.02061862765508777,
        0.022297938622388557,
        0.03545779097607464,
        0.03897174226774825,
        0.03843837797072886,
        0.03106523591503854,
        0.042129612758773166,
        0.025641050341650803,
        0.03892868884852896,
        0.02455186831801073,
        0.025758804582456427,
        0.02223568991806758,
        0.04754128710404742,
        0.037712253454690564,
        0.0370781381585948,
        0.04400496282440954,
        0.02795036854580262,
        0.02630017546339964,
        0.06180154575110775
      ]
    }
  },
  "test_metrics": {
    "rmse": 0.001722973917124827,
    "mae": 0.0010162730587526595,
    "mse": 2.9686391190924706e-06
  },
  "data_shapes": {
    "train": [
      1547,
      31
    ],
    "val": [
      222,
      31
    ],
    "test": [
      443,
      31
    ]
  },
  "test_predictions_sample": [
    [
      0.9613844880517556,
      0.03904506983982024
    ],
    [
      0.9614130759019499,
      0.03926716317060396
    ],
    [
      0.9593322080742449,
      0.03899114220802935
    ],
    [
      0.9620178966755683,
      0.04035063415459728
    ],
    [
      0.9609413268630081,
      0.03915204120881931
    ]
  ],
  "target_statistics": {
    "E0_mean": 0.9598957630199165,
    "E0_std": 3.3306690738754696e-16,
    "A0_mean": 0.03931683976054716,
    "A0_std": 6.938893903907228e-18
  }
}